"Message",Low,"Starting .NET Native compilation"
"Message",Low,""
"Message",Low,""
"Message",Low,"Task ""Gatekeeper"""
"Message",Normal,"Launching 'C:\Program Files (x86)\Microsoft SDKs\UWPNuGetPackages\runtime.win10-arm64.microsoft.net.native.compiler\2.2.1\tools\ARM64\ilc\ilc.exe --gatekeeper @""C:\Users\Augustin GRIESSER\Documents\Cours\Projet\Bassin Expert\Bassin Expert\obj\ARM64\Debug\ilc\intermediate\gkargs.rsp""'"
"Message",Low,"Microsoft (R) .NET Native Gatekeeper Version 2.2.27015.02 "
"Message",Low,"Copyright (C) Microsoft Corporation.  All rights reserved. "
"Message",Low," "
"Message",Low,"ILCTelemetry: System.ArgumentException: Could not deserialize to TelemetrySession object"
"Message",Low,"Nom du param�tre�: serializedSession ---> System.Runtime.Serialization.SerializationException: Une erreur s'est produite lors de la d�s�rialisation de l'objet de type Microsoft.VisualStudio.Telemetry.TelemetrySessionSettings. Jeton '""' attendu, mais 'I' a �t� trouv�. ---> System.Xml.XmlException: Jeton '""' attendu, mais 'I' a �t� trouv�."
"Message",Low,"   � System.Xml.XmlExceptionHelper.ThrowXmlException(XmlDictionaryReader reader, String res, String arg1, String arg2, String arg3)"
"Message",Low,"   � System.Runtime.Serialization.Json.XmlJsonReader.ReadServerTypeAttribute(Boolean consumedObjectChar)"
"Message",Low,"   � System.Runtime.Serialization.Json.XmlJsonReader.ReadAttributes()"
"Message",Low,"   � System.Runtime.Serialization.Json.XmlJsonReader.ReadNonExistentElementName(StringHandleConstStringType elementName)"
"Message",Low,"   � System.Runtime.Serialization.Json.XmlJsonReader.Read()"
"Message",Low,"   � System.Xml.XmlBaseReader.IsStartElement()"
"Message",Low,"   � System.Xml.XmlBaseReader.IsStartElement(XmlDictionaryString localName, XmlDictionaryString namespaceUri)"
"Message",Low,"   � System.Runtime.Serialization.XmlReaderDelegator.IsStartElement(XmlDictionaryString localname, XmlDictionaryString ns)"
"Message",Low,"   � System.Runtime.Serialization.XmlObjectSerializer.IsRootElement(XmlReaderDelegator reader, DataContract contract, XmlDictionaryString name, XmlDictionaryString ns)"
"Message",Low,"   � System.Runtime.Serialization.Json.DataContractJsonSerializer.InternalIsStartObject(XmlReaderDelegator reader)"
"Message",Low,"   � System.Runtime.Serialization.Json.DataContractJsonSerializer.InternalReadObject(XmlReaderDelegator xmlReader, Boolean verifyObjectName)"
"Message",Low,"   � System.Runtime.Serialization.XmlObjectSerializer.InternalReadObject(XmlReaderDelegator reader, Boolean verifyObjectName, DataContractResolver dataContractResolver)"
"Message",Low,"   � System.Runtime.Serialization.XmlObjectSerializer.ReadObjectHandleExceptions(XmlReaderDelegator reader, Boolean verifyObjectName, DataContractResolver dataContractResolver)"
"Message",Low,"   --- Fin de la trace de la pile d'exception interne ---"
"Message",Low,"   � System.Runtime.Serialization.XmlObjectSerializer.ReadObjectHandleExceptions(XmlReaderDelegator reader, Boolean verifyObjectName, DataContractResolver dataContractResolver)"
"Message",Low,"   � System.Runtime.Serialization.Json.DataContractJsonSerializer.ReadObject(XmlDictionaryReader reader)"
"Message",Low,"   � System.Runtime.Serialization.Json.DataContractJsonSerializer.ReadObject(Stream stream)"
"Message",Low,"   � Microsoft.VisualStudio.Telemetry.TelemetrySessionSettings.Deserialize(String settings)"
"Message",Low,"   � Microsoft.VisualStudio.Telemetry.TelemetrySessionSettings.Parse(String serializedSession)"
"Message",Low,"   --- Fin de la trace de la pile d'exception interne ---"
"Message",Low,"   � Microsoft.VisualStudio.Telemetry.TelemetrySessionSettings.Parse(String serializedSession)"
"Message",Low,"   � ILCTelemetry.Program.ReadEvents()"
"Message",Low,"   � ILCTelemetry.Program.Main(String[] args)"
"Message",Low,"Checking assembly 'C:\Users\Augustin GRIESSER\Documents\Cours\Projet\Bassin Expert\Bassin Expert\obj\ARM64\Debug\ilc\in\Bassin Expert.exe'. "
"Message",Normal,"'C:\Program Files (x86)\Microsoft SDKs\UWPNuGetPackages\runtime.win10-arm64.microsoft.net.native.compiler\2.2.1\tools\ARM64\ilc\ilc.exe --gatekeeper @""C:\Users\Augustin GRIESSER\Documents\Cours\Projet\Bassin Expert\Bassin Expert\obj\ARM64\Debug\ilc\intermediate\gkargs.rsp""' completed."
"Message",Normal,"Process execution statistics (all times in milliseconds)"
"Message",Normal,"-----------------------------------------------------------------------------"
"Message",Normal,"launch  |  start   |   stop   |   end    | duration | lifetime | [slot] name"
"Message",Normal,"-----------------------------------------------------------------------------"
"Message",Normal,"       0 |       47 |      485 |      485 |      438 |      485 | [0] Gatekeeper"
"Message",Normal,"Number of commands:      1"
"Message",Normal,"Total system time:       485 ms"
"Message",Normal,"System time per command: 485 ms"
"Message",Normal,"Total duration:          438 ms"
"Message",Normal,"Total lifetime:          485 ms"
"Message",Normal,"Requested DOP:           4"
"Message",Normal,"Duration DOP:            0,9"
"Message",Normal,"Lifetime DOP:            1,0"
"Message",Low,"Done executing task ""Gatekeeper""."
"Message",Low,"Done building target ""RunGatekeeper"" in file ""Preparation""."
"Message",Low,""
"Message",Low,"Done building target ""CreateToolchainGeneratedAssembly"" in file ""Preparation""."
"Message",Low,""
"Message",Low,"Task ""PreMergeAssemblyClosure"""
"Message",Low,"Done executing task ""PreMergeAssemblyClosure""."
"Message",Low,"Done building target ""ConstructPreMergeAssemblyClosure"" in file ""Preparation""."
"Message",Low,""
"Message",Low,"Task ""McgReferenceResolveFilePath"""
"Message",Low,"Done executing task ""McgReferenceResolveFilePath""."
"Message",Low,"Done building target ""PreResolveTransforms"" in file ""Preparation""."
"Message",Low,""
"Message",Low,"Task ""ResolveToolchainRequiredAssemblyRoots"""
"Message",Low,"Done executing task ""ResolveToolchainRequiredAssemblyRoots""."
"Message",Low,"Task ""ILTransformAssemblyClosure"""
"Message",Low,"Done executing task ""ILTransformAssemblyClosure""."
"Message",Low,"Task ""ResolveToolchainRequiredAssemblyRoots"""
"Message",Low,"Done executing task ""ResolveToolchainRequiredAssemblyRoots""."
"Message",Low,"Task ""ReducedCopyAssemblyClosure"""
"Message",Low,"Done executing task ""ReducedCopyAssemblyClosure""."
"Message",Low,"Done building target ""ConstructILTransformAssemblyClosure"" in file ""Preparation""."
"Message",Low,"Done building project ""Preparation""."
"Message",Low,""
"Message",Low,""
"Message",High,"Processing application code"
"Message",Low,"Task ""RunILTransforms"""
"Message",Normal,"Running 'DumpNativeResources' transform, heap at 21 MB."
"Message",Normal,"Running 'Analysis' transform, heap at 14 MB."
"Message",Low,"Loading 45 modules..."
"Message",Normal,"Imported reflection directives from 7 files:"
"Message",Normal,"C:\Users\Augustin GRIESSER\Documents\Cours\Projet\Bassin Expert\Bassin Expert\obj\ARM64\Debug\ilc\in\Properties\Default.rd.xml"
"Message",Normal,"Embedded manifest in System.Private.Interop: Resources.System.Private.Interop.rd.xml"
"Message",Normal,"Embedded manifest in System.Private.WinRTInterop.CoreLib: Resources.System.Private.WinRTInterop.CoreLib.rd.xml"
"Message",Normal,"Embedded manifest in System.Runtime.WindowsRuntime.UI.Xaml: Resources.System.Runtime.WindowsRuntime.UI.Xaml.rd.xml"
"Message",Normal,"Embedded manifest in System.Private.CoreLib: Resources.System.Private.CoreLib.rd.xml"
"Message",Normal,"Embedded manifest in System.Private.Uri: Resources.System.Private.Uri.rd.xml"
"Message",Normal,"Embedded manifest in System.Private.Reflection.Core: System.Private.Reflection.Core.rd.xml"
"Message",Normal,"Imported XAML Roots from 1 files:"
"Message",Normal,"C:\Users\Augustin GRIESSER\Documents\Cours\Projet\Bassin Expert\Bassin Expert\obj\ARM64\Debug\ilc\in\Bassin Expert.xr.xml"
"Message",Normal,"Running 'Mcg' transform, heap at 210 MB."
"Message",High,"Computing application closure and generating interop code"
"Message",Normal,"  List of .lib files:"
"Message",Normal,"      WindowsApp.lib"
"Message",Normal,"      winsqlite3.lib"
"Message",Normal,"  List of .lib search paths:"
"Message",Normal,"      C:\Program Files (x86)\Windows Kits\10\lib\10.0.17134.0\um\arm64"
"Message",Normal,"  Loading exports from libs..."
"Message",Normal,"      3195 exports read from 'C:\Program Files (x86)\Windows Kits\10\lib\10.0.17134.0\um\arm64\WindowsApp.lib'."
"Message",Normal,"      243 exports read from 'C:\Program Files (x86)\Windows Kits\10\lib\10.0.17134.0\um\arm64\winsqlite3.lib'."
"Message",High,"  Loading 45 modules..."
"Message",Normal,"          P/Invoke 'RhpGetFuncEvalParameterBufferSize' with [DllImport(ExactSpelling=true)] resolved to '[MRT]!RhpGetFuncEvalParameterBufferSize'."
"Message",Normal,"          P/Invoke 'RhpGetFuncEvalMode' with [DllImport(ExactSpelling=true)] resolved to '[MRT]!RhpGetFuncEvalMode'."
"Message",Normal,"          P/Invoke 'RhpRecordDebuggeeInitiatedHandle' with [DllImport(ExactSpelling=true)] resolved to '[MRT]!RhpRecordDebuggeeInitiatedHandle'."
"Message",Normal,"          P/Invoke 'RhpVerifyDebuggerCleanup' with [DllImport(ExactSpelling=true)] resolved to '[MRT]!RhpVerifyDebuggerCleanup'."
"Message",Normal,"          P/Invoke 'RhpGetCurrentThread' with [DllImport(ExactSpelling=true)] resolved to '[MRT]!RhpGetCurrentThread'."
"Message",Normal,"          P/Invoke 'RhWaitForPendingFinalizers' with [DllImport(ExactSpelling=true)] resolved to '[MRT]!RhWaitForPendingFinalizers'."
"Message",Normal,"          P/Invoke 'RhYield' with [DllImport(ExactSpelling=true)] resolved to '[MRT]!RhYield'."
"Message",Normal,"          P/Invoke 'RhFlushProcessWriteBuffers' with [DllImport(ExactSpelling=true)] resolved to '[MRT]!RhFlushProcessWriteBuffers'."
"Message",Normal,"          P/Invoke 'RhCompatibleReentrantWaitAny' with [DllImport(ExactSpelling=true)] resolved to '[MRT]!RhCompatibleReentrantWaitAny'."
"Message",Normal,"          P/Invoke 'RhCallDescrWorker' with [DllImport(ExactSpelling=true)] resolved to '[MRT]!RhCallDescrWorker'."
"Message",Normal,"          P/Invoke '_ecvt_s' with [DllImport(ExactSpelling=true)] resolved to '[MRT]!_ecvt_s'."
"Message",Normal,"          P/Invoke 'memmove' with [DllImport(ExactSpelling=true)] resolved to '[MRT]!memmove'."
"Message",Normal,"          P/Invoke 'memset' with [DllImport(ExactSpelling=true)] resolved to '[MRT]!memset'."
"Message",Normal,"          P/Invoke 'CallingConventionConverter_GetStubs' with [DllImport(ExactSpelling=true)] resolved to '*!CallingConventionConverter_GetStubs'."
"Message",Normal,"          P/Invoke 'WindowsCreateStringReference' resolved to 'WindowsCreateStringReference!api-ms-win-core-winrt-string-l1-1-0.dll' from 'C:\Program Files (x86)\Windows Kits\10\lib\10.0.17134.0\um\arm64\WindowsApp.lib'."
"Message",Normal,"          P/Invoke 'GetLastError' resolved to 'GetLastError!api-ms-win-core-errorhandling-l1-1-0.dll' from 'C:\Program Files (x86)\Windows Kits\10\lib\10.0.17134.0\um\arm64\WindowsApp.lib'."
"Message",Normal,"          P/Invoke 'SetLastError' resolved to 'SetLastError!api-ms-win-core-errorhandling-l1-1-0.dll' from 'C:\Program Files (x86)\Windows Kits\10\lib\10.0.17134.0\um\arm64\WindowsApp.lib'."
"Message",Normal,"          P/Invoke 'RoInitialize' resolved to 'RoInitialize!api-ms-win-core-winrt-l1-1-0.dll' from 'C:\Program Files (x86)\Windows Kits\10\lib\10.0.17134.0\um\arm64\WindowsApp.lib'."
"Message",Normal,"          P/Invoke 'IsValidLocaleName' resolved to 'IsValidLocaleName!api-ms-win-core-localization-l1-2-0.dll' from 'C:\Program Files (x86)\Windows Kits\10\lib\10.0.17134.0\um\arm64\WindowsApp.lib'."
"Message",Normal,"          P/Invoke 'ResolveLocaleName' resolved to 'ResolveLocaleName!api-ms-win-core-localization-l1-2-0.dll' from 'C:\Program Files (x86)\Windows Kits\10\lib\10.0.17134.0\um\arm64\WindowsApp.lib'."
"Message",Normal,"          P/Invoke 'GetCPInfoExW' resolved to 'GetCPInfoExW!api-ms-win-core-localization-l1-2-0.dll' from 'C:\Program Files (x86)\Windows Kits\10\lib\10.0.17134.0\um\arm64\WindowsApp.lib'."
"Message",Normal,"          P/Invoke 'CoCreateInstance' with [DllImport(ExactSpelling=true)] resolved to 'api-ms-win-core-com-l1-1-0.dll!CoCreateInstance'."
"Message",Normal,"          P/Invoke '#6' resolved to '#6!oleaut32.dll' from 'C:\Program Files (x86)\Windows Kits\10\lib\10.0.17134.0\um\arm64\WindowsApp.lib'."
"Message",Normal,"          P/Invoke 'RoGetBufferMarshaler' resolved to 'RoGetBufferMarshaler!api-ms-win-core-winrt-robuffer-l1-1-0.dll' from 'C:\Program Files (x86)\Windows Kits\10\lib\10.0.17134.0\um\arm64\WindowsApp.lib'."
"Message",High,"  Generating code..."
"Message",High,"  Interop code generated."
"Message",Normal,"  Written code to AssemblyInfo.g.cs"
"Message",Normal,"  Written code to Adapters.g.cs"
"Message",Normal,"  Written code to Data.g.cs"
"Message",Normal,"  Written code to Helpers.g.cs"
"Message",Normal,"  Written code to ImplTypes.g.cs"
"Message",Normal,"  Written code to PInvoke.g.cs"
"Message",Normal,"  Written code to SafeTypes.g.cs"
"Message",Normal,"  Written code to SharedStubs.g.cs"
"Message",Normal,"Running 'GenerateCodeAndCompile' transform, heap at 175 MB."
"Message",High,"Compiling interop code"
"Message",Normal,"Compiling generated source code: C:\Program Files (x86)\Microsoft SDKs\UWPNuGetPackages\microsoft.net.native.compiler\2.2.1\tools\csc\csc.exe /noconfig @""C:\Users\Augustin GRIESSER\Documents\Cours\Projet\Bassin Expert\Bassin Expert\obj\ARM64\Debug\ilc\intermediate\Bassin Expert.McgInterop.rsp"""
"Message",High,"Generating System.Reflection.DispatchProxy proxy code."
"Message",Normal,"Running 'ReducedCopyInitialize' transform, heap at 175 MB."
"Message",Normal,"Running 'ReducedCopyEmptyTypes' transform, heap at 190 MB."
"Message",Normal,"Running 'ReducedCopyPopulateTypes' transform, heap at 192 MB."
"Message",Normal,"Running 'ReducedCopyLateMetadata' transform, heap at 200 MB."
"Message",Normal,"Running 'ReducedCopyPassResourcesToMutableAssembly' transform, heap at 209 MB."
"Message",Normal,"Running 'ReducedCopyMethodBodies' transform, heap at 209 MB."
"Message",Normal,"Running 'ReducedCopyComplete' transform, heap at 221 MB."
"Message",Normal,"Running 'ReducedCopyCleanup' transform, heap at 172 MB."
"Message",Normal,"Running 'ComImportDetector' transform, heap at 32 MB."
"Message",Normal,"Running 'McgAccessor' transform, heap at 32 MB."
"Message",Normal,"Running 'McgRedirect' transform, heap at 32 MB."
"Message",Normal,"Running 'McgRedirect' transform, heap at 34 MB."
"Message",Normal,"Running 'McgTypeOf' transform, heap at 34 MB."
"Message",Normal,"Running 'EventSource' transform, heap at 36 MB."
"Message",Normal,"Running 'ValueType' transform, heap at 36 MB."
"Message",Normal,"Running 'Attribute' transform, heap at 36 MB."
"Message",Normal,"Running 'GetType' transform, heap at 36 MB."
"Message",Normal,"Running 'McgFixups' transform, heap at 37 MB."
"Message",Normal,"Running 'ResourceManagerCtor' transform, heap at 37 MB."
"Message",Normal,"Running 'TypeofTypeHandle' transform, heap at 37 MB."
"Message",Normal,"Running 'DispatchProxyIntrinsics' transform, heap at 40 MB."
"Message",Normal,"Running 'StaticInitData' transform, heap at 40 MB."
"Message",Normal,"Running 'Delegate' transform, heap at 45 MB."
"Message",Normal,"Running 'LazyGenerics' transform, heap at 46 MB."
"Message",Normal,"Running 'AddReflectionBlockedAttributes' transform, heap at 50 MB."
"Message",Normal,"Running 'DisableOptimization' transform, heap at 50 MB."
"Message",Normal,"Running 'ResourceExtractor' transform, heap at 50 MB."
"Message",Normal,"Running 'CreateMetadata' transform, heap at 50 MB."
"Message",Normal,"Running 'StartupCodeInjector' transform, heap at 57 MB."
"Message",Normal,"Running 'SaveRVAStatics' transform, heap at 57 MB."
"Message",Normal,"Running 'ReflectionInvoke' transform, heap at 57 MB."
"Message",Normal,"Running 'ScrubOpenCalls' transform, heap at 57 MB."
"Message",Normal,"Running 'ConvertCatchIntoFilter' transform, heap at 57 MB."
"Message",Normal,"Running 'ReflectionMappingInfoEmit' transform, heap at 57 MB."
"Message",Normal,"Running 'ReflectionIntrinsics' transform, heap at 58 MB."
"Message",Normal,"Running 'ConvertManagedWinMD' transform, heap at 58 MB."
"Message",Normal,"Running 'DebuggerGuidedStepThroughJmc' transform, heap at 58 MB."
"Message",Normal,"Running 'Reducer' transform, heap at 59 MB."
"Message",High,"Cleaning up unreferenced code"
"Message",Normal,"Running 'WriteAssemblies' transform, heap at 85 MB."
"Message",Normal,""
"Message",Normal,"Transform summary"
"Message",Normal,"    ms | heap delta | name"
"Message",Normal," 12004 |        196 | Analysis"
"Message",Normal,"  3246 |          0 | GenerateCodeAndCompile"
"Message",Normal,"  1612 |         19 | WriteAssemblies"
"Message",Normal,"  1265 |        -35 | Mcg"
"Message",Normal,"   747 |        -49 | ReducedCopyComplete"
"Message",Normal,"   657 |         15 | ReducedCopyInitialize"
"Message",Normal,"   459 |         -7 | DumpNativeResources"
"Message",Normal,"   340 |         26 | Reducer"
"Message",Normal,"   109 |       -140 | ReducedCopyCleanup"
"Message",Normal,"    98 |         12 | ReducedCopyMethodBodies"
"Message",Normal,"    86 |          8 | ReducedCopyPopulateTypes"
"Message",Normal,"    81 |          7 | CreateMetadata"
"Message",Normal,"    75 |          9 | ReducedCopyLateMetadata"
"Message",Normal,"    45 |          2 | McgRedirect"
"Message",Normal,"    37 |          2 | McgTypeOf"
"Message",Normal,"    34 |          4 | LazyGenerics"
"Message",Normal,"    33 |          5 | StaticInitData"
"Message",Normal,"    30 |          3 | TypeofTypeHandle"
"Message",Normal,"    21 |          0 | McgRedirect"
"Message",Normal,"    10 |          1 | DebuggerGuidedStepThroughJmc"
"Message",Normal,"     9 |          0 | SaveRVAStatics"
"Message",Normal,"     8 |          0 | McgFixups"
"Message",Normal,"     8 |          2 | ReducedCopyEmptyTypes"
"Message",Normal,"     6 |          1 | GetType"
"Message",Normal,"     5 |          0 | DispatchProxyIntrinsics"
"Message",Normal,"     4 |          0 | McgAccessor"
"Message",Normal,"     3 |          1 | Delegate"
"Message",Normal,"     3 |          0 | ScrubOpenCalls"
"Message",Normal,"     2 |          0 | EventSource"
"Message",Normal,"     2 |          0 | ReflectionIntrinsics"
"Message",Normal,"     1 |          0 | Attribute"
"Message",Normal,"     1 |          0 | ValueType"
"Message",Normal,"     1 |          1 | ReflectionMappingInfoEmit"
"Message",Normal,"     1 |          0 | ConvertCatchIntoFilter"
"Message",Normal,"     0 |          0 | ReducedCopyPassResourcesToMutableAssembly"
"Message",Normal,"     0 |          0 | ConvertManagedWinMD"
"Message",Normal,"     0 |          0 | StartupCodeInjector"
"Message",Normal,"     0 |          0 | ComImportDetector"
"Message",Normal,"     0 |          0 | ResourceExtractor"
"Message",Normal,"     0 |          0 | DisableOptimization"
"Message",Normal,"     0 |          0 | AddReflectionBlockedAttributes"
"Message",Normal,"     0 |          0 | ReflectionInvoke"
"Message",Normal,"     0 |          0 | ResourceManagerCtor"
"Message",Low,"Done executing task ""RunILTransforms""."
"Message",Low,"Done building target ""RunILTransforms"" in file ""ILTransforms""."
"Message",Low,"Done building project ""ILTransforms""."
"Message",Low,""
"Message",Low,""
"Message",Low,"Done building target ""GenerateMDIL"" in file ""Nutc""."
"Message",Low,""
"Message",High,"Generating native code"
"Message",Low,"Done building target ""MDILPrepareMultiFile"" in file ""Nutc""."
"Message",Low,""
"Message",Low,"Done building target ""SetBinaryForReferences"" in file ""Nutc""."
"Message",Low,""
"Message",Low,"Task ""GenerateMDILGlobalAnalysis"""
"Message",Normal,"Launching 'C:\Program Files (x86)\Microsoft SDKs\UWPNuGetPackages\runtime.win10-arm64.microsoft.net.native.compiler\2.2.1\tools\ARM64\ilc\Tools64\nutc_driver.exe @""C:\Users\Augustin GRIESSER\Documents\Cours\Projet\Bassin Expert\Bassin Expert\obj\ARM64\Debug\ilc\intermediate\MDIL\Bassin Expert.rsp""'"
"Message",Low,"Assembly path: ILCompiler.Host.dll"
"Message",Low,"Managed type:  ILCompiler.ILCompilerHost"
"Message",Low,"Method name:   Initialize"
"Message",Low,"Arguments:     00007FFEF3E829E0"
"Message",Low,"Managed call succeeded, exit code: 00000000"
"Message",Low,"Scanning 544 methods."
"Message",Low,"Scanning 1951 methods."
"Message",Low,"Scanning 837 methods."
"Message",Low,"Scanning 253 methods."
"Message",Low,"Scanning 224 methods."
"Message",Low,"Scanning 147 methods."
"Message",Low,"Scanning 99 methods."
"Message",Low,"Scanning 164 methods."
"Message",Low,"Scanning 186 methods."
"Message",Low,"Scanning 89 methods."
"Message",Low,"Scanning 15 methods."
"Message",Low,"Scanning 8 methods."
"Message",Low,"Scanning 2 methods."
"Message",Low,"Scanning 6 methods."
"Message",Low,"Scanning 20 methods."
"Message",Low,"Scanning 4 methods."
"Message",Low,"Scanning 2 methods."
"Message",Low,"Scanning 5 methods."
"Message",Low,"Compiling 4556 methods."
"Message",Low,"Emitting Object File"
"Message",Low,"Successfully generated 'C:\Users\Augustin GRIESSER\Documents\Cours\Projet\Bassin Expert\Bassin Expert\obj\ARM64\Debug\ilc\intermediate\MDIL\Bassin Expert.obj'"
"Message",Low,"Microsoft (R) MDIL Compiler - Version 2.2.27015.02"
"Message",Low,"Copyright (c) Microsoft Corporation.  All rights reserved."
"Message",Normal,"'C:\Program Files (x86)\Microsoft SDKs\UWPNuGetPackages\runtime.win10-arm64.microsoft.net.native.compiler\2.2.1\tools\ARM64\ilc\Tools64\nutc_driver.exe @""C:\Users\Augustin GRIESSER\Documents\Cours\Projet\Bassin Expert\Bassin Expert\obj\ARM64\Debug\ilc\intermediate\MDIL\Bassin Expert.rsp""' completed."
"Message",Normal,"Process execution statistics (all times in milliseconds)"
"Message",Normal,"-----------------------------------------------------------------------------"
"Message",Normal,"launch  |  start   |   stop   |   end    | duration | lifetime | [slot] name"
"Message",Normal,"-----------------------------------------------------------------------------"
"Message",Normal,"       0 |       31 |    14250 |    14250 |    14219 |    14250 | [0] Nutc GlobalAnalysis"
"Message",Normal,"Number of commands:      1"
"Message",Normal,"Total system time:       14250 ms"
"Message",Normal,"System time per command: 14250 ms"
"Message",Normal,"Total duration:          14219 ms"
"Message",Normal,"Total lifetime:          14250 ms"
"Message",Normal,"Requested DOP:           4"
"Message",Normal,"Duration DOP:            1,0"
"Message",Normal,"Lifetime DOP:            1,0"
"Message",Low,"Done executing task ""GenerateMDILGlobalAnalysis""."
"Message",Low,"Done building target ""GenerateMDILGlobalAnalysis"" in file ""Nutc""."
"Message",Low,""
"Message",Low,"Task ""rc"""
"Message",Normal,"Launching 'C:\Program Files (x86)\Windows Kits\10\bin\10.0.17134.0\x64\rc.exe /c ""65001"" /r /fo ""C:\Users\Augustin GRIESSER\Documents\Cours\Projet\Bassin Expert\Bassin Expert\obj\ARM64\Debug\ilc\intermediate\BuildInfo\BuildInfo.res"" ""C:\Users\Augustin GRIESSER\Documents\Cours\Projet\Bassin Expert\Bassin Expert\obj\ARM64\Debug\ilc\intermediate\BuildInfo\BuildInfo.rc""'"
"Message",Low,"Microsoft (R) Windows (R) Resource Compiler Version 10.0.10011.16384"
"Message",Low,"Copyright (C) Microsoft Corporation.  All rights reserved."
"Message",Normal,"'C:\Program Files (x86)\Windows Kits\10\bin\10.0.17134.0\x64\rc.exe /c ""65001"" /r /fo ""C:\Users\Augustin GRIESSER\Documents\Cours\Projet\Bassin Expert\Bassin Expert\obj\ARM64\Debug\ilc\intermediate\BuildInfo\BuildInfo.res"" ""C:\Users\Augustin GRIESSER\Documents\Cours\Projet\Bassin Expert\Bassin Expert\obj\ARM64\Debug\ilc\intermediate\BuildInfo\BuildInfo.rc""' completed."
"Message",Normal,"Process execution statistics (all times in milliseconds)"
"Message",Normal,"-----------------------------------------------------------------------------"
"Message",Normal,"launch  |  start   |   stop   |   end    | duration | lifetime | [slot] name"
"Message",Normal,"-----------------------------------------------------------------------------"
"Message",Normal,"       0 |      297 |      453 |      453 |      156 |      453 | [0] rc"
"Message",Normal,"Number of commands:      1"
"Message",Normal,"Total system time:       453 ms"
"Message",Normal,"System time per command: 453 ms"
"Message",Normal,"Total duration:          156 ms"
"Message",Normal,"Total lifetime:          453 ms"
"Message",Normal,"Requested DOP:           4"
"Message",Normal,"Duration DOP:            0,3"
"Message",Normal,"Lifetime DOP:            1,0"
"Message",Low,"Done executing task ""rc""."
"Message",Low,"Task ""ResourceBinaryConcatenate"""
"Message",Normal,"Concatenating into 'C:\Users\Augustin GRIESSER\Documents\Cours\Projet\Bassin Expert\Bassin Expert\obj\ARM64\Debug\ilc\intermediate\Native.res' with alignment '4'."
"Message",Normal," Added 'C:\Users\Augustin GRIESSER\Documents\Cours\Projet\Bassin Expert\Bassin Expert\obj\ARM64\Debug\ilc\intermediate\ILTransformed\Bassin Expert.res' at offset 0."
"Message",Normal," Added 'C:\Users\Augustin GRIESSER\Documents\Cours\Projet\Bassin Expert\Bassin Expert\obj\ARM64\Debug\ilc\intermediate\BuildInfo\BuildInfo.res' at offset 1416."
"Message",Low,"Done executing task ""ResourceBinaryConcatenate""."
"Message",Low,"Done building target ""GenerateBuildInfo"" in file ""Nutc""."
"Message",Low,"Done building project ""Nutc""."
"Message",Low,""
"Message",Low,""
"Message",Low,"Task ""Lib"""
"Message",Normal,"Launching 'C:\Program Files (x86)\Microsoft SDKs\UWPNuGetPackages\runtime.win10-arm64.microsoft.net.native.compiler\2.2.1\tools\ARM64\ilc\tools\link\link.exe /LIB /MACHINE:arm64 /DEF:""C:\Users\Augustin GRIESSER\Documents\Cours\Projet\Bassin Expert\Bassin Expert\obj\ARM64\Debug\ilc\intermediate\MDIL\api-ms-win-core-com-l1-1-0.def"" /OUT:""C:\Users\Augustin GRIESSER\Documents\Cours\Projet\Bassin Expert\Bassin Expert\obj\ARM64\Debug\ilc\intermediate\MDIL\api-ms-win-core-com-l1-1-0.lib""'"
"Message",Normal,"Launching 'C:\Program Files (x86)\Microsoft SDKs\UWPNuGetPackages\runtime.win10-arm64.microsoft.net.native.compiler\2.2.1\tools\ARM64\ilc\tools\link\link.exe /LIB /MACHINE:arm64 /DEF:""C:\Users\Augustin GRIESSER\Documents\Cours\Projet\Bassin Expert\Bassin Expert\obj\ARM64\Debug\ilc\intermediate\MDIL\api-ms-win-core-localization-l1-2-0.def"" /OUT:""C:\Users\Augustin GRIESSER\Documents\Cours\Projet\Bassin Expert\Bassin Expert\obj\ARM64\Debug\ilc\intermediate\MDIL\api-ms-win-core-localization-l1-2-0.lib""'"
"Message",Normal,"Launching 'C:\Program Files (x86)\Microsoft SDKs\UWPNuGetPackages\runtime.win10-arm64.microsoft.net.native.compiler\2.2.1\tools\ARM64\ilc\tools\link\link.exe /LIB /MACHINE:arm64 /DEF:""C:\Users\Augustin GRIESSER\Documents\Cours\Projet\Bassin Expert\Bassin Expert\obj\ARM64\Debug\ilc\intermediate\MDIL\api-ms-win-core-winrt-l1-1-0.def"" /OUT:""C:\Users\Augustin GRIESSER\Documents\Cours\Projet\Bassin Expert\Bassin Expert\obj\ARM64\Debug\ilc\intermediate\MDIL\api-ms-win-core-winrt-l1-1-0.lib""'"
"Message",Normal,"Launching 'C:\Program Files (x86)\Microsoft SDKs\UWPNuGetPackages\runtime.win10-arm64.microsoft.net.native.compiler\2.2.1\tools\ARM64\ilc\tools\link\link.exe /LIB /MACHINE:arm64 /DEF:""C:\Users\Augustin GRIESSER\Documents\Cours\Projet\Bassin Expert\Bassin Expert\obj\ARM64\Debug\ilc\intermediate\MDIL\api-ms-win-core-winrt-robuffer-l1-1-0.def"" /OUT:""C:\Users\Augustin GRIESSER\Documents\Cours\Projet\Bassin Expert\Bassin Expert\obj\ARM64\Debug\ilc\intermediate\MDIL\api-ms-win-core-winrt-robuffer-l1-1-0.lib""'"
"Message",Low,"Microsoft (R) Library Manager Version 14.15.26727.0__Copyright (C) Microsoft Corporation.  All rights reserved.____   Creating library C:\Users\Augustin GRIESSER\Documents\Cours\Projet\Bassin Expert\Bassin Expert\obj\ARM64\Debug\ilc\intermediate\MDIL\api-ms-win-core-com-l1-1-0.lib and object C:\Users\Augustin GRIESSER\Documents\Cours\Projet\Bassin Expert\Bassin Expert\obj\ARM64\Debug\ilc\intermediate\MDIL\api-ms-win-core-com-l1-1-0.exp__"
"Message",Normal,"'C:\Program Files (x86)\Microsoft SDKs\UWPNuGetPackages\runtime.win10-arm64.microsoft.net.native.compiler\2.2.1\tools\ARM64\ilc\tools\link\link.exe /LIB /MACHINE:arm64 /DEF:""C:\Users\Augustin GRIESSER\Documents\Cours\Projet\Bassin Expert\Bassin Expert\obj\ARM64\Debug\ilc\intermediate\MDIL\api-ms-win-core-com-l1-1-0.def"" /OUT:""C:\Users\Augustin GRIESSER\Documents\Cours\Projet\Bassin Expert\Bassin Expert\obj\ARM64\Debug\ilc\intermediate\MDIL\api-ms-win-core-com-l1-1-0.lib""' completed."
"Message",Normal,"Launching 'C:\Program Files (x86)\Microsoft SDKs\UWPNuGetPackages\runtime.win10-arm64.microsoft.net.native.compiler\2.2.1\tools\ARM64\ilc\tools\link\link.exe /LIB /MACHINE:arm64 /DEF:""C:\Users\Augustin GRIESSER\Documents\Cours\Projet\Bassin Expert\Bassin Expert\obj\ARM64\Debug\ilc\intermediate\MDIL\api-ms-win-core-winrt-string-l1-1-0.def"" /OUT:""C:\Users\Augustin GRIESSER\Documents\Cours\Projet\Bassin Expert\Bassin Expert\obj\ARM64\Debug\ilc\intermediate\MDIL\api-ms-win-core-winrt-string-l1-1-0.lib""'"
"Message",Low,"Microsoft (R) Library Manager Version 14.15.26727.0__Copyright (C) Microsoft Corporation.  All rights reserved.____   Creating library C:\Users\Augustin GRIESSER\Documents\Cours\Projet\Bassin Expert\Bassin Expert\obj\ARM64\Debug\ilc\intermediate\MDIL\api-ms-win-core-winrt-l1-1-0.lib and object C:\Users\Augustin GRIESSER\Documents\Cours\Projet\Bassin Expert\Bassin Expert\obj\ARM64\Debug\ilc\intermediate\MDIL\api-ms-win-core-winrt-l1-1-0.exp__"
"Message",Normal,"'C:\Program Files (x86)\Microsoft SDKs\UWPNuGetPackages\runtime.win10-arm64.microsoft.net.native.compiler\2.2.1\tools\ARM64\ilc\tools\link\link.exe /LIB /MACHINE:arm64 /DEF:""C:\Users\Augustin GRIESSER\Documents\Cours\Projet\Bassin Expert\Bassin Expert\obj\ARM64\Debug\ilc\intermediate\MDIL\api-ms-win-core-winrt-l1-1-0.def"" /OUT:""C:\Users\Augustin GRIESSER\Documents\Cours\Projet\Bassin Expert\Bassin Expert\obj\ARM64\Debug\ilc\intermediate\MDIL\api-ms-win-core-winrt-l1-1-0.lib""' completed."
"Message",Normal,"Launching 'C:\Program Files (x86)\Microsoft SDKs\UWPNuGetPackages\runtime.win10-arm64.microsoft.net.native.compiler\2.2.1\tools\ARM64\ilc\tools\link\link.exe /LIB /MACHINE:arm64 /DEF:""C:\Users\Augustin GRIESSER\Documents\Cours\Projet\Bassin Expert\Bassin Expert\obj\ARM64\Debug\ilc\intermediate\MDIL\oleaut32.def"" /OUT:""C:\Users\Augustin GRIESSER\Documents\Cours\Projet\Bassin Expert\Bassin Expert\obj\ARM64\Debug\ilc\intermediate\MDIL\oleaut32.lib""'"
"Message",Low,"Microsoft (R) Library Manager Version 14.15.26727.0__Copyright (C) Microsoft Corporation.  All rights reserved.____   Creating library C:\Users\Augustin GRIESSER\Documents\Cours\Projet\Bassin Expert\Bassin Expert\obj\ARM64\Debug\ilc\intermediate\MDIL\api-ms-win-core-localization-l1-2-0.lib and object C:\Users\Augustin GRIESSER\Documents\Cours\Projet\Bassin Expert\Bassin Expert\obj\ARM64\Debug\ilc\intermediate\MDIL\api-ms-win-core-localization-l1-2-0.exp__"
"Message",Normal,"'C:\Program Files (x86)\Microsoft SDKs\UWPNuGetPackages\runtime.win10-arm64.microsoft.net.native.compiler\2.2.1\tools\ARM64\ilc\tools\link\link.exe /LIB /MACHINE:arm64 /DEF:""C:\Users\Augustin GRIESSER\Documents\Cours\Projet\Bassin Expert\Bassin Expert\obj\ARM64\Debug\ilc\intermediate\MDIL\api-ms-win-core-localization-l1-2-0.def"" /OUT:""C:\Users\Augustin GRIESSER\Documents\Cours\Projet\Bassin Expert\Bassin Expert\obj\ARM64\Debug\ilc\intermediate\MDIL\api-ms-win-core-localization-l1-2-0.lib""' completed."
"Message",Low,"Microsoft (R) Library Manager Version 14.15.26727.0__Copyright (C) Microsoft Corporation.  All rights reserved.____   Creating library C:\Users\Augustin GRIESSER\Documents\Cours\Projet\Bassin Expert\Bassin Expert\obj\ARM64\Debug\ilc\intermediate\MDIL\api-ms-win-core-winrt-robuffer-l1-1-0.lib and object C:\Users\Augustin GRIESSER\Documents\Cours\Projet\Bassin Expert\Bassin Expert\obj\ARM64\Debug\ilc\intermediate\MDIL\api-ms-win-core-winrt-robuffer-l1-1-0.exp__"
"Message",Normal,"'C:\Program Files (x86)\Microsoft SDKs\UWPNuGetPackages\runtime.win10-arm64.microsoft.net.native.compiler\2.2.1\tools\ARM64\ilc\tools\link\link.exe /LIB /MACHINE:arm64 /DEF:""C:\Users\Augustin GRIESSER\Documents\Cours\Projet\Bassin Expert\Bassin Expert\obj\ARM64\Debug\ilc\intermediate\MDIL\api-ms-win-core-winrt-robuffer-l1-1-0.def"" /OUT:""C:\Users\Augustin GRIESSER\Documents\Cours\Projet\Bassin Expert\Bassin Expert\obj\ARM64\Debug\ilc\intermediate\MDIL\api-ms-win-core-winrt-robuffer-l1-1-0.lib""' completed."
"Message",Low,"Microsoft (R) Library Manager Version 14.15.26727.0__Copyright (C) Microsoft Corporation.  All rights reserved.____   Creating library C:\Users\Augustin GRIESSER\Documents\Cours\Projet\Bassin Expert\Bassin Expert\obj\ARM64\Debug\ilc\intermediate\MDIL\api-ms-win-core-winrt-string-l1-1-0.lib and object C:\Users\Augustin GRIESSER\Documents\Cours\Projet\Bassin Expert\Bassin Expert\obj\ARM64\Debug\ilc\intermediate\MDIL\api-ms-win-core-winrt-string-l1-1-0.exp__"
"Message",Normal,"'C:\Program Files (x86)\Microsoft SDKs\UWPNuGetPackages\runtime.win10-arm64.microsoft.net.native.compiler\2.2.1\tools\ARM64\ilc\tools\link\link.exe /LIB /MACHINE:arm64 /DEF:""C:\Users\Augustin GRIESSER\Documents\Cours\Projet\Bassin Expert\Bassin Expert\obj\ARM64\Debug\ilc\intermediate\MDIL\api-ms-win-core-winrt-string-l1-1-0.def"" /OUT:""C:\Users\Augustin GRIESSER\Documents\Cours\Projet\Bassin Expert\Bassin Expert\obj\ARM64\Debug\ilc\intermediate\MDIL\api-ms-win-core-winrt-string-l1-1-0.lib""' completed."
"Message",Low,"Microsoft (R) Library Manager Version 14.15.26727.0__Copyright (C) Microsoft Corporation.  All rights reserved.____   Creating library C:\Users\Augustin GRIESSER\Documents\Cours\Projet\Bassin Expert\Bassin Expert\obj\ARM64\Debug\ilc\intermediate\MDIL\oleaut32.lib and object C:\Users\Augustin GRIESSER\Documents\Cours\Projet\Bassin Expert\Bassin Expert\obj\ARM64\Debug\ilc\intermediate\MDIL\oleaut32.exp__"
"Message",Normal,"'C:\Program Files (x86)\Microsoft SDKs\UWPNuGetPackages\runtime.win10-arm64.microsoft.net.native.compiler\2.2.1\tools\ARM64\ilc\tools\link\link.exe /LIB /MACHINE:arm64 /DEF:""C:\Users\Augustin GRIESSER\Documents\Cours\Projet\Bassin Expert\Bassin Expert\obj\ARM64\Debug\ilc\intermediate\MDIL\oleaut32.def"" /OUT:""C:\Users\Augustin GRIESSER\Documents\Cours\Projet\Bassin Expert\Bassin Expert\obj\ARM64\Debug\ilc\intermediate\MDIL\oleaut32.lib""' completed."
"Message",Normal,"Process execution statistics (all times in milliseconds)"
"Message",Normal,"-----------------------------------------------------------------------------"
"Message",Normal,"launch  |  start   |   stop   |   end    | duration | lifetime | [slot] name"
"Message",Normal,"-----------------------------------------------------------------------------"
"Message",Normal,"       0 |      235 |      750 |      750 |      515 |      750 | [0] C:\Program Files (x86)\Microsoft SDKs\UWPNuGetPackages\runtime.win10-arm64.microsoft.net.native.compiler\2.2.1\tools\ARM64\ilc\tools\link\link.exe /LIB /MACHINE:arm64 /DEF:""C:\Users\Augustin GRIESSER\Documents\Cours\Projet\Bassin Expert\Bassin Expert\obj\ARM64\Debug\ilc\intermediate\MDIL\api-ms-win-core-com-l1-1-0.def"" /OUT:""C:\Users\Augustin GRIESSER\Documents\Cours\Projet\Bassin Expert\Bassin Expert\obj\ARM64\Debug\ilc\intermediate\MDIL\api-ms-win-core-com-l1-1-0.lib"""
"Message",Normal,"     235 |      282 |      860 |      891 |      578 |      656 | [1] C:\Program Files (x86)\Microsoft SDKs\UWPNuGetPackages\runtime.win10-arm64.microsoft.net.native.compiler\2.2.1\tools\ARM64\ilc\tools\link\link.exe /LIB /MACHINE:arm64 /DEF:""C:\Users\Augustin GRIESSER\Documents\Cours\Projet\Bassin Expert\Bassin Expert\obj\ARM64\Debug\ilc\intermediate\MDIL\api-ms-win-core-localization-l1-2-0.def"" /OUT:""C:\Users\Augustin GRIESSER\Documents\Cours\Projet\Bassin Expert\Bassin Expert\obj\ARM64\Debug\ilc\intermediate\MDIL\api-ms-win-core-localization-l1-2-0.lib"""
"Message",Normal,"     282 |      344 |      782 |      797 |      438 |      515 | [2] C:\Program Files (x86)\Microsoft SDKs\UWPNuGetPackages\runtime.win10-arm64.microsoft.net.native.compiler\2.2.1\tools\ARM64\ilc\tools\link\link.exe /LIB /MACHINE:arm64 /DEF:""C:\Users\Augustin GRIESSER\Documents\Cours\Projet\Bassin Expert\Bassin Expert\obj\ARM64\Debug\ilc\intermediate\MDIL\api-ms-win-core-winrt-l1-1-0.def"" /OUT:""C:\Users\Augustin GRIESSER\Documents\Cours\Projet\Bassin Expert\Bassin Expert\obj\ARM64\Debug\ilc\intermediate\MDIL\api-ms-win-core-winrt-l1-1-0.lib"""
"Message",Normal,"     344 |      438 |      844 |      891 |      406 |      547 | [3] C:\Program Files (x86)\Microsoft SDKs\UWPNuGetPackages\runtime.win10-arm64.microsoft.net.native.compiler\2.2.1\tools\ARM64\ilc\tools\link\link.exe /LIB /MACHINE:arm64 /DEF:""C:\Users\Augustin GRIESSER\Documents\Cours\Projet\Bassin Expert\Bassin Expert\obj\ARM64\Debug\ilc\intermediate\MDIL\api-ms-win-core-winrt-robuffer-l1-1-0.def"" /OUT:""C:\Users\Augustin GRIESSER\Documents\Cours\Projet\Bassin Expert\Bassin Expert\obj\ARM64\Debug\ilc\intermediate\MDIL\api-ms-win-core-winrt-robuffer-l1-1-0.lib"""
"Message",Normal,"     750 |      797 |      938 |      938 |      141 |      188 | [0] C:\Program Files (x86)\Microsoft SDKs\UWPNuGetPackages\runtime.win10-arm64.microsoft.net.native.compiler\2.2.1\tools\ARM64\ilc\tools\link\link.exe /LIB /MACHINE:arm64 /DEF:""C:\Users\Augustin GRIESSER\Documents\Cours\Projet\Bassin Expert\Bassin Expert\obj\ARM64\Debug\ilc\intermediate\MDIL\api-ms-win-core-winrt-string-l1-1-0.def"" /OUT:""C:\Users\Augustin GRIESSER\Documents\Cours\Projet\Bassin Expert\Bassin Expert\obj\ARM64\Debug\ilc\intermediate\MDIL\api-ms-win-core-winrt-string-l1-1-0.lib"""
"Message",Normal,"     797 |      891 |     1063 |     1063 |      172 |      266 | [2] C:\Program Files (x86)\Microsoft SDKs\UWPNuGetPackages\runtime.win10-arm64.microsoft.net.native.compiler\2.2.1\tools\ARM64\ilc\tools\link\link.exe /LIB /MACHINE:arm64 /DEF:""C:\Users\Augustin GRIESSER\Documents\Cours\Projet\Bassin Expert\Bassin Expert\obj\ARM64\Debug\ilc\intermediate\MDIL\oleaut32.def"" /OUT:""C:\Users\Augustin GRIESSER\Documents\Cours\Projet\Bassin Expert\Bassin Expert\obj\ARM64\Debug\ilc\intermediate\MDIL\oleaut32.lib"""
"Message",Normal,"Number of commands:      6"
"Message",Normal,"Total system time:       1063 ms"
"Message",Normal,"System time per command: 177 ms"
"Message",Normal,"Total duration:          2250 ms"
"Message",Normal,"Total lifetime:          2922 ms"
"Message",Normal,"Requested DOP:           4"
"Message",Normal,"Duration DOP:            2,1"
"Message",Normal,"Lifetime DOP:            2,7"
"Message",Low,"Done executing task ""Lib""."
"Message",Low,"Done building target ""GenerateImportLibs"" in file ""Binder""."
"Message",Low,""
"Message",High,"Generating fixups for native code"
"Message",Low,"Task ""LINK"""
"Message",Normal,"Launching 'C:\Program Files (x86)\Microsoft SDKs\UWPNuGetPackages\runtime.win10-arm64.microsoft.net.native.compiler\2.2.1\tools\ARM64\ilc\tools\link\link.exe @""C:\Users\Augustin GRIESSER\Documents\Cours\Projet\Bassin Expert\Bassin Expert\obj\ARM64\Debug\ilc\intermediate\linkargs.Bassin Expert.rsp""'"
"Message",Low,"Bassin Expert.obj : warning LNK4104: export of symbol 'DllGetClassObject' should be PRIVATE"
"Message",Low,"   Creating library C:\Users\Augustin GRIESSER\Documents\Cours\Projet\Bassin Expert\Bassin Expert\obj\ARM64\Debug\ilc\intermediate\Native\Bassin Expert.lib and object C:\Users\Augustin GRIESSER\Documents\Cours\Projet\Bassin Expert\Bassin Expert\obj\ARM64\Debug\ilc\intermediate\Native\Bassin Expert.exp"
"Message",Normal,"'C:\Program Files (x86)\Microsoft SDKs\UWPNuGetPackages\runtime.win10-arm64.microsoft.net.native.compiler\2.2.1\tools\ARM64\ilc\tools\link\link.exe @""C:\Users\Augustin GRIESSER\Documents\Cours\Projet\Bassin Expert\Bassin Expert\obj\ARM64\Debug\ilc\intermediate\linkargs.Bassin Expert.rsp""' completed."
"Message",Normal,"Process execution statistics (all times in milliseconds)"
"Message",Normal,"-----------------------------------------------------------------------------"
"Message",Normal,"launch  |  start   |   stop   |   end    | duration | lifetime | [slot] name"
"Message",Normal,"-----------------------------------------------------------------------------"
"Message",Normal,"       0 |      203 |     1234 |     1234 |     1031 |     1234 | [0] link Bassin Expert"
"Message",Normal,"Number of commands:      1"
"Message",Normal,"Total system time:       1234 ms"
"Message",Normal,"System time per command: 1234 ms"
"Message",Normal,"Total duration:          1031 ms"
"Message",Normal,"Total lifetime:          1234 ms"
"Message",Normal,"Requested DOP:           4"
"Message",Normal,"Duration DOP:            0,8"
"Message",Normal,"Lifetime DOP:            1,0"
"Message",Low,"Done executing task ""LINK""."
"Message",Low,"Task ""LINK"""
"Message",Normal,"Launching 'C:\Program Files (x86)\Microsoft SDKs\UWPNuGetPackages\runtime.win10-arm64.microsoft.net.native.compiler\2.2.1\tools\ARM64\ilc\tools\link\link.exe /out:""C:\Users\Augustin GRIESSER\Documents\Cours\Projet\Bassin Expert\Bassin Expert\obj\ARM64\Debug\ilc\intermediate\Native\Bassin Expert.exe"" /entry:wmain /MACHINE:arm64 /subsystem:windows /appcontainer ""C:\Program Files (x86)\Microsoft SDKs\UWPNuGetPackages\runtime.win10-arm64.microsoft.net.native.compiler\2.2.1\tools\ARM64\ilc\Tools\shimExe.lib"" ""C:\Users\Augustin GRIESSER\Documents\Cours\Projet\Bassin Expert\Bassin Expert\obj\ARM64\Debug\ilc\intermediate\Native\Bassin Expert.lib"" ""C:\Program Files (x86)\Microsoft SDKs\UWPNuGetPackages\runtime.win10-arm64.microsoft.net.native.compiler\2.2.1\tools\ARM64\ilc\tools\link\kernel32.lib"" ""@C:\Users\Augustin GRIESSER\Documents\Cours\Projet\Bassin Expert\Bassin Expert\obj\ARM64\Debug\ilc\intermediate\MDIL\shimExe.linkargs.rsp""'"
"Message",Low,"Microsoft (R) Incremental Linker Version 14.15.26727.0"
"Message",Low,"Copyright (C) Microsoft Corporation.  All rights reserved."
"Message",Low,"/stack:1048576 "
"Message",Low,"LINK : warning LNK4001: no object files specified; libraries used"
"Message",Normal,"'C:\Program Files (x86)\Microsoft SDKs\UWPNuGetPackages\runtime.win10-arm64.microsoft.net.native.compiler\2.2.1\tools\ARM64\ilc\tools\link\link.exe /out:""C:\Users\Augustin GRIESSER\Documents\Cours\Projet\Bassin Expert\Bassin Expert\obj\ARM64\Debug\ilc\intermediate\Native\Bassin Expert.exe"" /entry:wmain /MACHINE:arm64 /subsystem:windows /appcontainer ""C:\Program Files (x86)\Microsoft SDKs\UWPNuGetPackages\runtime.win10-arm64.microsoft.net.native.compiler\2.2.1\tools\ARM64\ilc\Tools\shimExe.lib"" ""C:\Users\Augustin GRIESSER\Documents\Cours\Projet\Bassin Expert\Bassin Expert\obj\ARM64\Debug\ilc\intermediate\Native\Bassin Expert.lib"" ""C:\Program Files (x86)\Microsoft SDKs\UWPNuGetPackages\runtime.win10-arm64.microsoft.net.native.compiler\2.2.1\tools\ARM64\ilc\tools\link\kernel32.lib"" ""@C:\Users\Augustin GRIESSER\Documents\Cours\Projet\Bassin Expert\Bassin Expert\obj\ARM64\Debug\ilc\intermediate\MDIL\shimExe.linkargs.rsp""' completed."
"Message",Normal,"Process execution statistics (all times in milliseconds)"
"Message",Normal,"-----------------------------------------------------------------------------"
"Message",Normal,"launch  |  start   |   stop   |   end    | duration | lifetime | [slot] name"
"Message",Normal,"-----------------------------------------------------------------------------"
"Message",Normal,"       0 |       78 |      203 |      203 |      125 |      203 | [0] C:\Program Files (x86)\Microsoft SDKs\UWPNuGetPackages\runtime.win10-arm64.microsoft.net.native.compiler\2.2.1\tools\ARM64\ilc\tools\link\link.exe /out:""C:\Users\Augustin GRIESSER\Documents\Cours\Projet\Bassin Expert\Bassin Expert\obj\ARM64\Debug\ilc\intermediate\Native\Bassin Expert.exe"" /entry:wmain /MACHINE:arm64 /subsystem:windows /appcontainer ""C:\Program Files (x86)\Microsoft SDKs\UWPNuGetPackages\runtime.win10-arm64.microsoft.net.native.compiler\2.2.1\tools\ARM64\ilc\Tools\shimExe.lib"" ""C:\Users\Augustin GRIESSER\Documents\Cours\Projet\Bassin Expert\Bassin Expert\obj\ARM64\Debug\ilc\intermediate\Native\Bassin Expert.lib"" ""C:\Program Files (x86)\Microsoft SDKs\UWPNuGetPackages\runtime.win10-arm64.microsoft.net.native.compiler\2.2.1\tools\ARM64\ilc\tools\link\kernel32.lib"" ""@C:\Users\Augustin GRIESSER\Documents\Cours\Projet\Bassin Expert\Bassin Expert\obj\ARM64\Debug\ilc\intermediate\MDIL\shimExe.linkargs.rsp"""
"Message",Normal,"Number of commands:      1"
"Message",Normal,"Total system time:       203 ms"
"Message",Normal,"System time per command: 203 ms"
"Message",Normal,"Total duration:          125 ms"
"Message",Normal,"Total lifetime:          203 ms"
"Message",Normal,"Requested DOP:           4"
"Message",Normal,"Duration DOP:            0,6"
"Message",Normal,"Lifetime DOP:            1,0"
"Message",Low,"Done executing task ""LINK""."
"Message",Low,"Done building target ""Link"" in file ""Binder""."
"Message",Low,"Done building project ""Binder""."
"Message",Low,""
"Message",Low,""
"Message",Low,"Done building target ""CopyNativeExecutablesToOutput"" in file ""Deployment""."
"Message",Low,""
"Message",Low,"Task ""TransformAppxManifest"""
"Message",Low,"Done executing task ""TransformAppxManifest""."
"Message",Low,"Done building target ""TransformAppxManifestAndAddCrt"" in file ""Deployment""."
"Message",Low,""
"Message",Low,"Done building target ""CopyPackageResourceFileInRetailBuild"" in file ""Deployment""."
"Message",Low,"Done building project ""Deployment""."
"Message",Low,"Compilation finished"
